{"max": 11.069999694824219, "mean": 11.069999694824219, "min": 11.069999694824219, "_timestamp": 1715613774.1663384, "_runtime": 1183.7095713615417, "_step": 37}