{"max": 11.66100025177002, "mean": 11.66100025177002, "min": 11.66100025177002, "_timestamp": 1715616795.3133397, "_runtime": 4204.856572628021, "_step": 99, "_wandb": {"runtime": 4204}}